,training_loss,testing_loss
0,0.039037738,0.039551035
